{
    "Xiaomi": "https://ultra-ultra.ru/category/tablets/planshety/xiaom/",
    "Телефоны": "https://ultra-ultra.ru/category/telefony/",
    "Apple": "https://ultra-ultra.ru/category/tablets/planshety/a/",
    "iPhone 14": "https://ultra-ultra.ru/category/telefony/iphone/iphone-14/",
    "iPhone 14 pro": "https://ultra-ultra.ru/category/telefony/iphone/iphone-14-pro/",
    "iPhone 14 Pro Max": "https://ultra-ultra.ru/category/telefony/iphone/iphone-14-pro-max/",
    "iPhone 13": "https://ultra-ultra.ru/category/telefony/iphone/iphone-13/",
    "Iphone 13 pro": "https://ultra-ultra.ru/category/telefony/iphone/iphone-13-pro/",
    "Iphone 13 pro max": "https://ultra-ultra.ru/category/telefony/iphone/iphone-13-pro-max/",
    "iPhone 12": "https://ultra-ultra.ru/category/telefony/iphone/iphone-12/",
    "Iphone 12 mini": "https://ultra-ultra.ru/category/telefony/iphone/iphone-12-mini/",
    "Iphone 12 pro": "https://ultra-ultra.ru/category/telefony/iphone/iphone-12-pro/",
    "Iphone 12 pro max": "https://ultra-ultra.ru/category/telefony/iphone/iphone-12-pro-max/",
    "iPhone 11": "https://ultra-ultra.ru/category/telefony/iphone/iphone-11/",
    "iPhone 11 Pro": "https://ultra-ultra.ru/category/telefony/iphone/iphone-11-pro/",
    "iPhone SE": "https://ultra-ultra.ru/category/telefony/iphone/iphone-se/",
    "Apple Watch": "https://ultra-ultra.ru/category/gadgets/smartwatches/apple-watch-series-4/",
    "Ultra": "https://ultra-ultra.ru/category/telefony/iphone/applewatch/ultra/",
    "Series 8": "https://ultra-ultra.ru/category/telefony/iphone/applewatch/series-8/",
    "Series 7": "https://ultra-ultra.ru/category/telefony/iphone/applewatch/series-7/",
    "Series SE": "https://ultra-ultra.ru/category/telefony/iphone/applewatch/series-se/",
    "Series 6": "https://ultra-ultra.ru/category/telefony/iphone/applewatch/series-6/",
    "Series 5": "https://ultra-ultra.ru/category/telefony/iphone/applewatch/series-5/",
    "Series 4": "https://ultra-ultra.ru/category/telefony/iphone/applewatch/series-4/",
    "Series 3": "https://ultra-ultra.ru/category/telefony/iphone/applewatch/series-3/",
    "Fly": "https://ultra-ultra.ru/category/telefony/fly/",
    "Honor": "https://ultra-ultra.ru/category/telefony/honor/",
    "Huawei": "https://ultra-ultra.ru/category/tablets/planshety/huawei/",
    "Itel": "https://ultra-ultra.ru/category/telefony/itel/",
    "Nokia": "https://ultra-ultra.ru/category/telefony/nokia/",
    "Olmio": "https://ultra-ultra.ru/category/telefony/olmio/",
    "Philips": "https://ultra-ultra.ru/category/naushniki-i-akust/naushniki/philips/",
    "realme": "https://ultra-ultra.ru/category/telefony/realme/",
    "Samsung": "https://ultra-ultra.ru/category/tablets/planshety/samsung/",
    "серия A": "https://ultra-ultra.ru/category/telefony/samsung/seriya-a/",
    "серия J": "https://ultra-ultra.ru/category/telefony/samsung/seriya-j/",
    "серия Note": "https://ultra-ultra.ru/category/telefony/samsung/seriya-note/",
    "серия S": "https://ultra-ultra.ru/category/telefony/samsung/seriya-s/",
    "Серия M": "https://ultra-ultra.ru/category/telefony/samsung/seriya-m/",
    "TCL": "https://ultra-ultra.ru/category/tablets/planshety/tcl/",
    "12 Lite": "https://ultra-ultra.ru/category/telefony/xiaomi/12-lite/",
    "Poco": "https://ultra-ultra.ru/category/telefony/xiaomi/poco/",
    "Xiaomi 11": "https://ultra-ultra.ru/category/telefony/xiaomi/xiaomi-11/",
    "Redmi 10": "https://ultra-ultra.ru/category/telefony/xiaomi/redmi-10/",
    "Note 9": "https://ultra-ultra.ru/category/telefony/xiaomi/note-9/",
    "ZTE": "https://ultra-ultra.ru/category/telefony/zte/",
    "Аксессуары для телефонов": "https://ultra-ultra.ru/category/mobile-accessories/",
    "Универсальные аккумуляторы": "https://ultra-ultra.ru/category/mobile-accessories/powerbank/",
    "Зарядные устройства": "https://ultra-ultra.ru/category/mobile-accessories/zaryadnye-ustroystva/",
    "Кабели и переходники": "https://ultra-ultra.ru/category/mobile-accessories/kabeli-i-perekhodniki/",
    "Автомобильные зарядные устройства": "https://ultra-ultra.ru/category/mobile-accessories/avtomobilnye-zaryadnye-ustroystva/",
    "Беспроводные зарядные устройства": "https://ultra-ultra.ru/category/mobile-accessories/besprovodnye-zaryadnye-ustroystva/",
    "Держатели в автомобиль и на велосипед": "https://ultra-ultra.ru/category/mobile-accessories/derzhateli-v-avtomo/",
    "Защитные стекла": "https://ultra-ultra.ru/category/mobile-accessories/zashchitnye-stekla/",
    "Чехлы для мобильных телефонов": "https://ultra-ultra.ru/category/mobile-accessories/chekhly-dlya-mobilnykh-telefonov/",
    "Аудиотехника": "https://ultra-ultra.ru/category/naushniki-i-akust/",
    "Акустические системы": "https://ultra-ultra.ru/category/naushniki-i-akust/akusticheskie-sistemy/",
    "Audio Pro": "https://ultra-ultra.ru/category/naushniki-i-akust/akusticheskie-sistemy/audio-pro/",
    "JBL": "https://ultra-ultra.ru/category/naushniki-i-akust/naushniki/jbl/",
    "Яндекс Станции": "https://ultra-ultra.ru/category/naushniki-i-akust/akusticheskie-sistemy/yandeks-stantsii/",
    "Пластинки": "https://ultra-ultra.ru/category/naushniki-i-akust/plastinki/",
    "Проигрыватели пластинок": "https://ultra-ultra.ru/category/naushniki-i-akust/vertushka/",
    "Аксессуары для винила": "https://ultra-ultra.ru/category/naushniki-i-akust/aksessuary-dlya-vinila/",
    "Стойки для HiFi и HiEnd систем": "https://ultra-ultra.ru/category/naushniki-i-akust/stoyki-dlya-hifi-i-hiend-sistem/",
    "Наушники": "https://ultra-ultra.ru/category/naushniki-i-akust/naushniki/",
    "1More": "https://ultra-ultra.ru/category/naushniki-i-akust/naushniki/1more/",
    "Accesstyle": "https://ultra-ultra.ru/category/naushniki-i-akust/naushniki/accesstyle/",
    "AKG": "https://ultra-ultra.ru/category/naushniki-i-akust/naushniki/akg/",
    "Audio-Technica": "https://ultra-ultra.ru/category/naushniki-i-akust/naushniki/audio-technica/",
    "AULA": "https://ultra-ultra.ru/category/naushniki-i-akust/naushniki/aula/",
    "Bang & Olufsen": "https://ultra-ultra.ru/category/naushniki-i-akust/naushniki/bang-olufsen/",
    "Beats": "https://ultra-ultra.ru/category/naushniki-i-akust/naushniki/beats/",
    "Bose": "https://ultra-ultra.ru/category/naushniki-i-akust/naushniki/bose/",
    "Defender": "https://ultra-ultra.ru/category/naushniki-i-akust/naushniki/defender/",
    "Dunu": "https://ultra-ultra.ru/category/naushniki-i-akust/naushniki/dunu/",
    "Fiio": "https://ultra-ultra.ru/category/naushniki-i-akust/naushniki/fiio/",
    "Fischer Audio": "https://ultra-ultra.ru/category/naushniki-i-akust/naushniki/fischer-audio/",
    "Fostex": "https://ultra-ultra.ru/category/naushniki-i-akust/naushniki/fostex/",
    "Наушники Harman Kardon": "https://ultra-ultra.ru/category/naushniki-i-akust/naushniki/harman-kardon/",
    "Hoco": "https://ultra-ultra.ru/category/naushniki-i-akust/naushniki/hoco/",
    "Koss": "https://ultra-ultra.ru/category/naushniki-i-akust/naushniki/koss/",
    "Logitech": "https://ultra-ultra.ru/category/naushniki-i-akust/naushniki/logitech/",
    "Marley": "https://ultra-ultra.ru/category/naushniki-i-akust/naushniki/marley/",
    "Marshall": "https://ultra-ultra.ru/category/naushniki-i-akust/naushniki/marshall/",
    "Meizu": "https://ultra-ultra.ru/category/naushniki-i-akust/naushniki/meizu/",
    "Panasonic": "https://ultra-ultra.ru/category/naushniki-i-akust/naushniki/panasonic/",
    "Pioneer": "https://ultra-ultra.ru/category/naushniki-i-akust/naushniki/pioneer/",
    "Sennheiser": "https://ultra-ultra.ru/category/naushniki-i-akust/naushniki/sennheiser/",
    "Skullcandy": "https://ultra-ultra.ru/category/naushniki-i-akust/naushniki/skullcandy/",
    "Sony": "https://ultra-ultra.ru/category/naushniki-i-akust/naushniki/sony/",
    "Soundcore": "https://ultra-ultra.ru/category/naushniki-i-akust/naushniki/soundcore/",
    "Technics": "https://ultra-ultra.ru/category/naushniki-i-akust/naushniki/technics/",
    "HiFi-плееры": "https://ultra-ultra.ru/category/naushniki-i-akust/hifi-pleers/",
    "MP3-плееры": "https://ultra-ultra.ru/category/naushniki-i-akust/mp3-pleery/",
    "Портативные усилители и ЦАП": "https://ultra-ultra.ru/category/naushniki-i-akust/hi-fi-amps/",
    "Планшеты и ноутбуки": "https://ultra-ultra.ru/category/tablets/",
    "Ноутбуки": "https://ultra-ultra.ru/category/tablets/noutbuki/",
    "Acer": "https://ultra-ultra.ru/category/tablets/noutbuki/ace/",
    "ASUS": "https://ultra-ultra.ru/category/tablets/noutbuki/a/",
    "Dell": "https://ultra-ultra.ru/category/tablets/noutbuki/dell/",
    "HP": "https://ultra-ultra.ru/category/tablets/noutbuki/hp/",
    "Lenovo": "https://ultra-ultra.ru/category/tablets/planshety/lenovo/",
    "Microsoft": "https://ultra-ultra.ru/category/tablets/noutbuki/microsoft/",
    "Планшеты": "https://ultra-ultra.ru/category/tablets/planshety/",
    "Asus": "https://ultra-ultra.ru/category/tablets/planshety/asus/",
    "BQ": "https://ultra-ultra.ru/category/tablets/planshety/bq/",
    "Системные блоки": "https://ultra-ultra.ru/category/tablets/sistemnye-blokim/",
    "Гаджеты": "https://ultra-ultra.ru/category/gadgets/",
    "Action-камеры GO PRO": "https://ultra-ultra.ru/category/gadgets/action-kamery-go-pro/",
    "Автоэлектроника": "https://ultra-ultra.ru/category/gadgets/avtoelektronika/",
    "Видеорегистраторы": "https://ultra-ultra.ru/category/gadgets/avtoelektronika/videoregistratory/",
    "Бытовая техника": "https://ultra-ultra.ru/category/gadgets/bytovaya-tekhni/",
    "Виртуальная реальность": "https://ultra-ultra.ru/category/gadgets/virtualnaya/",
    "Внешние накопители": "https://ultra-ultra.ru/category/gadgets/hard-drives/",
    "Графические планшеты": "https://ultra-ultra.ru/category/gadgets/pen-tables/",
    "Игровые приставки": "https://ultra-ultra.ru/category/gadgets/igrovye-pri/",
    "Аксессуары для игровых приставок": "https://ultra-ultra.ru/category/gadgets/igrovye-pri/accesses/",
    "Игры": "https://ultra-ultra.ru/category/gadgets/igrovye-pri/games/",
    "Квадрокоптеры DJI": "https://ultra-ultra.ru/category/gadgets/quadrocopter/",
    "Клавиатуры": "https://ultra-ultra.ru/category/gadgets/klaviatury/",
    "Компьютерная акустика": "https://ultra-ultra.ru/category/gadgets/kompyuternaya-akustika/",
    "Медиаплееры": "https://ultra-ultra.ru/category/gadgets/mediapleery/",
    "Микрофоны": "https://ultra-ultra.ru/category/gadgets/microphones/",
    "Мыши": "https://ultra-ultra.ru/category/gadgets/myshi/",
    "Принтеры и МФУ": "https://ultra-ultra.ru/category/gadgets/printery-i-mfu/",
    "Проекторы": "https://ultra-ultra.ru/category/gadgets/proektory/",
    "Пылесосы": "https://ultra-ultra.ru/category/gadgets/pylesosy/",
    "Dreame": "https://ultra-ultra.ru/category/gadgets/pylesosy/dreame/",
    "Самокаты": "https://ultra-ultra.ru/category/gadgets/samokaty/",
    "Умные часы и браслеты": "https://ultra-ultra.ru/category/gadgets/smartwatches/",
    "Elari": "https://ultra-ultra.ru/category/gadgets/smartwatches/elari/",
    "Samsung Galaxy Watch": "https://ultra-ultra.ru/category/gadgets/smartwatches/samsung-galaxy-watch/",
    "Умный дом": "https://ultra-ultra.ru/category/gadgets/umnyy-dom/",
    "Электронные книги": "https://ultra-ultra.ru/category/gadgets/elektronnye-knigi/"
}